"","CCAA.Codigo.ISO","Fecha","Casos","Hospitalizados","UCI","Fallecidos","Recuperados","tmstamp","ISO2"
"1","AN",2020-02-20,0,0,0,0,0,"2020-04-05 10:54:08 UTC","ES-AN"
"2","AR",2020-02-20,0,0,0,0,0,"2020-04-05 10:54:08 UTC","ES-AR"
"3","AS",2020-02-20,0,0,0,0,0,"2020-04-05 10:54:08 UTC","ES-AS"
"4","IB",2020-02-20,1,0,0,0,0,"2020-04-05 10:54:08 UTC","ES-IB"
"5","CN",2020-02-20,1,0,0,0,0,"2020-04-05 10:54:08 UTC","ES-CN"
"6","CB",2020-02-20,0,0,0,0,0,"2020-04-05 10:54:08 UTC","ES-CB"
"7","CM",2020-02-20,0,0,0,0,0,"2020-04-05 10:54:08 UTC","ES-CM"
"8","CL",2020-02-20,0,0,0,0,0,"2020-04-05 10:54:08 UTC","ES-CL"
"9","CT",2020-02-20,0,0,0,0,0,"2020-04-05 10:54:08 UTC","ES-CT"
"10","CE",2020-02-20,0,0,0,0,0,"2020-04-05 10:54:08 UTC","ES-CE"
"11","VC",2020-02-20,0,0,0,0,0,"2020-04-05 10:54:08 UTC","ES-VC"
"12","EX",2020-02-20,0,0,0,0,0,"2020-04-05 10:54:08 UTC","ES-EX"
"13","GA",2020-02-20,0,0,0,0,0,"2020-04-05 10:54:08 UTC","ES-GA"
"14","MD",2020-02-20,0,0,0,0,0,"2020-04-05 10:54:08 UTC","ES-MD"
"15","ML",2020-02-20,0,0,0,0,0,"2020-04-05 10:54:08 UTC","ES-ML"
"16","MC",2020-02-20,0,0,0,0,0,"2020-04-05 10:54:08 UTC","ES-MC"
"17","NC",2020-02-20,0,0,0,0,0,"2020-04-05 10:54:08 UTC","ES-NC"
"18","PV",2020-02-20,0,0,0,0,0,"2020-04-05 10:54:08 UTC","ES-PV"
"19","RI",2020-02-20,0,0,0,0,0,"2020-04-05 10:54:08 UTC","ES-RI"
"20","AN",2020-02-21,0,0,0,0,0,"2020-04-05 10:54:08 UTC","ES-AN"
"21","AR",2020-02-21,0,0,0,0,0,"2020-04-05 10:54:08 UTC","ES-AR"
"22","AS",2020-02-21,0,0,0,0,0,"2020-04-05 10:54:08 UTC","ES-AS"
"23","IB",2020-02-21,1,0,0,0,0,"2020-04-05 10:54:08 UTC","ES-IB"
"24","CN",2020-02-21,1,0,0,0,0,"2020-04-05 10:54:08 UTC","ES-CN"
"25","CB",2020-02-21,0,0,0,0,0,"2020-04-05 10:54:08 UTC","ES-CB"
"26","CM",2020-02-21,0,0,0,0,0,"2020-04-05 10:54:08 UTC","ES-CM"
"27","CL",2020-02-21,0,0,0,0,0,"2020-04-05 10:54:08 UTC","ES-CL"
"28","CT",2020-02-21,0,0,0,0,0,"2020-04-05 10:54:08 UTC","ES-CT"
"29","CE",2020-02-21,0,0,0,0,0,"2020-04-05 10:54:08 UTC","ES-CE"
"30","VC",2020-02-21,0,0,0,0,0,"2020-04-05 10:54:08 UTC","ES-VC"
"31","EX",2020-02-21,0,0,0,0,0,"2020-04-05 10:54:08 UTC","ES-EX"
"32","GA",2020-02-21,0,0,0,0,0,"2020-04-05 10:54:08 UTC","ES-GA"
"33","MD",2020-02-21,0,0,0,0,0,"2020-04-05 10:54:08 UTC","ES-MD"
"34","ML",2020-02-21,0,0,0,0,0,"2020-04-05 10:54:08 UTC","ES-ML"
"35","MC",2020-02-21,0,0,0,0,0,"2020-04-05 10:54:08 UTC","ES-MC"
"36","NC",2020-02-21,0,0,0,0,0,"2020-04-05 10:54:08 UTC","ES-NC"
"37","PV",2020-02-21,0,0,0,0,0,"2020-04-05 10:54:08 UTC","ES-PV"
"38","RI",2020-02-21,0,0,0,0,0,"2020-04-05 10:54:08 UTC","ES-RI"
"39","AN",2020-02-22,0,0,0,0,0,"2020-04-05 10:54:08 UTC","ES-AN"
"40","AR",2020-02-22,0,0,0,0,0,"2020-04-05 10:54:08 UTC","ES-AR"
"41","AS",2020-02-22,0,0,0,0,0,"2020-04-05 10:54:08 UTC","ES-AS"
"42","IB",2020-02-22,1,0,0,0,0,"2020-04-05 10:54:08 UTC","ES-IB"
"43","CN",2020-02-22,1,0,0,0,0,"2020-04-05 10:54:08 UTC","ES-CN"
"44","CB",2020-02-22,0,0,0,0,0,"2020-04-05 10:54:08 UTC","ES-CB"
"45","CM",2020-02-22,0,0,0,0,0,"2020-04-05 10:54:08 UTC","ES-CM"
"46","CL",2020-02-22,0,0,0,0,0,"2020-04-05 10:54:08 UTC","ES-CL"
"47","CT",2020-02-22,0,0,0,0,0,"2020-04-05 10:54:08 UTC","ES-CT"
"48","CE",2020-02-22,0,0,0,0,0,"2020-04-05 10:54:08 UTC","ES-CE"
"49","VC",2020-02-22,0,0,0,0,0,"2020-04-05 10:54:08 UTC","ES-VC"
"50","EX",2020-02-22,0,0,0,0,0,"2020-04-05 10:54:08 UTC","ES-EX"
"51","GA",2020-02-22,0,0,0,0,0,"2020-04-05 10:54:08 UTC","ES-GA"
"52","MD",2020-02-22,0,0,0,0,0,"2020-04-05 10:54:08 UTC","ES-MD"
"53","ML",2020-02-22,0,0,0,0,0,"2020-04-05 10:54:08 UTC","ES-ML"
"54","MC",2020-02-22,0,0,0,0,0,"2020-04-05 10:54:08 UTC","ES-MC"
"55","NC",2020-02-22,0,0,0,0,0,"2020-04-05 10:54:08 UTC","ES-NC"
"56","PV",2020-02-22,0,0,0,0,0,"2020-04-05 10:54:08 UTC","ES-PV"
"57","RI",2020-02-22,0,0,0,0,0,"2020-04-05 10:54:08 UTC","ES-RI"
"58","AN",2020-02-23,0,0,0,0,0,"2020-04-05 10:54:08 UTC","ES-AN"
"59","AR",2020-02-23,0,0,0,0,0,"2020-04-05 10:54:08 UTC","ES-AR"
"60","AS",2020-02-23,0,0,0,0,0,"2020-04-05 10:54:08 UTC","ES-AS"
"61","IB",2020-02-23,1,0,0,0,0,"2020-04-05 10:54:08 UTC","ES-IB"
"62","CN",2020-02-23,1,0,0,0,0,"2020-04-05 10:54:08 UTC","ES-CN"
"63","CB",2020-02-23,0,0,0,0,0,"2020-04-05 10:54:08 UTC","ES-CB"
"64","CM",2020-02-23,0,0,0,0,0,"2020-04-05 10:54:08 UTC","ES-CM"
"65","CL",2020-02-23,0,0,0,0,0,"2020-04-05 10:54:08 UTC","ES-CL"
"66","CT",2020-02-23,0,0,0,0,0,"2020-04-05 10:54:08 UTC","ES-CT"
"67","CE",2020-02-23,0,0,0,0,0,"2020-04-05 10:54:08 UTC","ES-CE"
"68","VC",2020-02-23,0,0,0,0,0,"2020-04-05 10:54:08 UTC","ES-VC"
"69","EX",2020-02-23,0,0,0,0,0,"2020-04-05 10:54:08 UTC","ES-EX"
"70","GA",2020-02-23,0,0,0,0,0,"2020-04-05 10:54:08 UTC","ES-GA"
"71","MD",2020-02-23,0,0,0,0,0,"2020-04-05 10:54:08 UTC","ES-MD"
"72","ML",2020-02-23,0,0,0,0,0,"2020-04-05 10:54:08 UTC","ES-ML"
"73","MC",2020-02-23,0,0,0,0,0,"2020-04-05 10:54:08 UTC","ES-MC"
"74","NC",2020-02-23,0,0,0,0,0,"2020-04-05 10:54:08 UTC","ES-NC"
"75","PV",2020-02-23,0,0,0,0,0,"2020-04-05 10:54:08 UTC","ES-PV"
"76","RI",2020-02-23,0,0,0,0,0,"2020-04-05 10:54:08 UTC","ES-RI"
"77","AN",2020-02-24,0,0,0,0,0,"2020-04-05 10:54:08 UTC","ES-AN"
"78","AR",2020-02-24,0,0,0,0,0,"2020-04-05 10:54:08 UTC","ES-AR"
"79","AS",2020-02-24,0,0,0,0,0,"2020-04-05 10:54:08 UTC","ES-AS"
"80","IB",2020-02-24,1,0,0,0,0,"2020-04-05 10:54:08 UTC","ES-IB"
"81","CN",2020-02-24,2,0,0,0,0,"2020-04-05 10:54:08 UTC","ES-CN"
"82","CB",2020-02-24,0,0,0,0,0,"2020-04-05 10:54:08 UTC","ES-CB"
"83","CM",2020-02-24,0,0,0,0,0,"2020-04-05 10:54:08 UTC","ES-CM"
"84","CL",2020-02-24,0,0,0,0,0,"2020-04-05 10:54:08 UTC","ES-CL"
"85","CT",2020-02-24,0,0,0,0,0,"2020-04-05 10:54:08 UTC","ES-CT"
"86","CE",2020-02-24,0,0,0,0,0,"2020-04-05 10:54:08 UTC","ES-CE"
"87","VC",2020-02-24,0,0,0,0,0,"2020-04-05 10:54:08 UTC","ES-VC"
"88","EX",2020-02-24,0,0,0,0,0,"2020-04-05 10:54:08 UTC","ES-EX"
"89","GA",2020-02-24,0,0,0,0,0,"2020-04-05 10:54:08 UTC","ES-GA"
"90","MD",2020-02-24,0,0,0,0,0,"2020-04-05 10:54:08 UTC","ES-MD"
"91","ML",2020-02-24,0,0,0,0,0,"2020-04-05 10:54:08 UTC","ES-ML"
"92","MC",2020-02-24,0,0,0,0,0,"2020-04-05 10:54:08 UTC","ES-MC"
"93","NC",2020-02-24,0,0,0,0,0,"2020-04-05 10:54:08 UTC","ES-NC"
"94","PV",2020-02-24,0,0,0,0,0,"2020-04-05 10:54:08 UTC","ES-PV"
"95","RI",2020-02-24,0,0,0,0,0,"2020-04-05 10:54:08 UTC","ES-RI"
"96","AN",2020-02-25,0,0,0,0,0,"2020-04-05 10:54:08 UTC","ES-AN"
"97","AR",2020-02-25,0,0,0,0,0,"2020-04-05 10:54:08 UTC","ES-AR"
"98","AS",2020-02-25,0,0,0,0,0,"2020-04-05 10:54:08 UTC","ES-AS"
"99","IB",2020-02-25,1,0,0,0,0,"2020-04-05 10:54:08 UTC","ES-IB"
"100","CN",2020-02-25,5,0,0,0,0,"2020-04-05 10:54:08 UTC","ES-CN"
"101","CB",2020-02-25,0,0,0,0,0,"2020-04-05 10:54:08 UTC","ES-CB"
"102","CM",2020-02-25,0,0,0,0,0,"2020-04-05 10:54:08 UTC","ES-CM"
"103","CL",2020-02-25,0,0,0,0,0,"2020-04-05 10:54:08 UTC","ES-CL"
"104","CT",2020-02-25,1,0,0,0,0,"2020-04-05 10:54:08 UTC","ES-CT"
"105","CE",2020-02-25,0,0,0,0,0,"2020-04-05 10:54:08 UTC","ES-CE"
"106","VC",2020-02-25,1,0,0,0,0,"2020-04-05 10:54:08 UTC","ES-VC"
"107","EX",2020-02-25,0,0,0,0,0,"2020-04-05 10:54:08 UTC","ES-EX"
"108","GA",2020-02-25,0,0,0,0,0,"2020-04-05 10:54:08 UTC","ES-GA"
"109","MD",2020-02-25,2,0,0,0,0,"2020-04-05 10:54:08 UTC","ES-MD"
"110","ML",2020-02-25,0,0,0,0,0,"2020-04-05 10:54:08 UTC","ES-ML"
"111","MC",2020-02-25,0,0,0,0,0,"2020-04-05 10:54:08 UTC","ES-MC"
"112","NC",2020-02-25,0,0,0,0,0,"2020-04-05 10:54:08 UTC","ES-NC"
"113","PV",2020-02-25,0,0,0,0,0,"2020-04-05 10:54:08 UTC","ES-PV"
"114","RI",2020-02-25,0,0,0,0,0,"2020-04-05 10:54:08 UTC","ES-RI"
"115","AN",2020-02-26,1,0,0,0,0,"2020-04-05 10:54:08 UTC","ES-AN"
"116","AR",2020-02-26,0,0,0,0,0,"2020-04-05 10:54:08 UTC","ES-AR"
"117","AS",2020-02-26,0,0,0,0,0,"2020-04-05 10:54:08 UTC","ES-AS"
"118","IB",2020-02-26,1,0,0,0,0,"2020-04-05 10:54:08 UTC","ES-IB"
"119","CN",2020-02-26,6,0,0,0,0,"2020-04-05 10:54:08 UTC","ES-CN"
"120","CB",2020-02-26,0,0,0,0,0,"2020-04-05 10:54:08 UTC","ES-CB"
"121","CM",2020-02-26,0,0,0,0,0,"2020-04-05 10:54:08 UTC","ES-CM"
"122","CL",2020-02-26,0,0,0,0,0,"2020-04-05 10:54:08 UTC","ES-CL"
"123","CT",2020-02-26,2,0,0,0,0,"2020-04-05 10:54:08 UTC","ES-CT"
"124","CE",2020-02-26,0,0,0,0,0,"2020-04-05 10:54:08 UTC","ES-CE"
"125","VC",2020-02-26,2,0,0,0,0,"2020-04-05 10:54:08 UTC","ES-VC"
"126","EX",2020-02-26,0,0,0,0,0,"2020-04-05 10:54:08 UTC","ES-EX"
"127","GA",2020-02-26,0,0,0,0,0,"2020-04-05 10:54:08 UTC","ES-GA"
"128","MD",2020-02-26,4,0,0,0,0,"2020-04-05 10:54:08 UTC","ES-MD"
"129","ML",2020-02-26,0,0,0,0,0,"2020-04-05 10:54:08 UTC","ES-ML"
"130","MC",2020-02-26,0,0,0,0,0,"2020-04-05 10:54:08 UTC","ES-MC"
"131","NC",2020-02-26,0,0,0,0,0,"2020-04-05 10:54:08 UTC","ES-NC"
"132","PV",2020-02-26,0,0,0,0,0,"2020-04-05 10:54:08 UTC","ES-PV"
"133","RI",2020-02-26,0,0,0,0,0,"2020-04-05 10:54:08 UTC","ES-RI"
"134","AN",2020-02-27,6,0,0,0,0,"2020-04-05 10:54:08 UTC","ES-AN"
"135","AR",2020-02-27,0,0,0,0,0,"2020-04-05 10:54:08 UTC","ES-AR"
"136","AS",2020-02-27,0,0,0,0,0,"2020-04-05 10:54:08 UTC","ES-AS"
"137","IB",2020-02-27,1,0,0,0,0,"2020-04-05 10:54:08 UTC","ES-IB"
"138","CN",2020-02-27,6,0,0,0,0,"2020-04-05 10:54:08 UTC","ES-CN"
"139","CB",2020-02-27,0,0,0,0,0,"2020-04-05 10:54:08 UTC","ES-CB"
"140","CM",2020-02-27,0,0,0,0,0,"2020-04-05 10:54:08 UTC","ES-CM"
"141","CL",2020-02-27,0,0,0,0,0,"2020-04-05 10:54:08 UTC","ES-CL"
"142","CT",2020-02-27,3,0,0,0,0,"2020-04-05 10:54:08 UTC","ES-CT"
"143","CE",2020-02-27,0,0,0,0,0,"2020-04-05 10:54:08 UTC","ES-CE"
"144","VC",2020-02-27,8,0,0,0,0,"2020-04-05 10:54:08 UTC","ES-VC"
"145","EX",2020-02-27,0,0,0,0,0,"2020-04-05 10:54:08 UTC","ES-EX"
"146","GA",2020-02-27,0,0,0,0,0,"2020-04-05 10:54:08 UTC","ES-GA"
"147","MD",2020-02-27,5,0,0,0,0,"2020-04-05 10:54:08 UTC","ES-MD"
"148","ML",2020-02-27,0,0,0,0,0,"2020-04-05 10:54:08 UTC","ES-ML"
"149","MC",2020-02-27,0,0,0,0,0,"2020-04-05 10:54:08 UTC","ES-MC"
"150","NC",2020-02-27,0,0,0,0,0,"2020-04-05 10:54:08 UTC","ES-NC"
"151","PV",2020-02-27,0,0,0,0,0,"2020-04-05 10:54:08 UTC","ES-PV"
"152","RI",2020-02-27,0,0,0,0,0,"2020-04-05 10:54:08 UTC","ES-RI"
"153","AN",2020-02-28,8,0,0,0,0,"2020-04-05 10:54:08 UTC","ES-AN"
"154","AR",2020-02-28,0,0,0,0,0,"2020-04-05 10:54:08 UTC","ES-AR"
"155","AS",2020-02-28,0,0,0,0,0,"2020-04-05 10:54:08 UTC","ES-AS"
"156","IB",2020-02-28,2,0,0,0,0,"2020-04-05 10:54:08 UTC","ES-IB"
"157","CN",2020-02-28,6,0,0,0,0,"2020-04-05 10:54:08 UTC","ES-CN"
"158","CB",2020-02-28,0,0,0,0,0,"2020-04-05 10:54:08 UTC","ES-CB"
"159","CM",2020-02-28,0,0,0,0,0,"2020-04-05 10:54:08 UTC","ES-CM"
"160","CL",2020-02-28,2,0,0,0,0,"2020-04-05 10:54:08 UTC","ES-CL"
"161","CT",2020-02-28,5,0,0,0,0,"2020-04-05 10:54:08 UTC","ES-CT"
"162","CE",2020-02-28,0,0,0,0,0,"2020-04-05 10:54:08 UTC","ES-CE"
"163","VC",2020-02-28,10,0,0,0,0,"2020-04-05 10:54:08 UTC","ES-VC"
"164","EX",2020-02-28,0,0,0,0,0,"2020-04-05 10:54:08 UTC","ES-EX"
"165","GA",2020-02-28,0,0,0,0,0,"2020-04-05 10:54:08 UTC","ES-GA"
"166","MD",2020-02-28,8,0,0,0,0,"2020-04-05 10:54:08 UTC","ES-MD"
"167","ML",2020-02-28,0,0,0,0,0,"2020-04-05 10:54:08 UTC","ES-ML"
"168","MC",2020-02-28,0,0,0,0,0,"2020-04-05 10:54:08 UTC","ES-MC"
"169","NC",2020-02-28,0,0,0,0,0,"2020-04-05 10:54:08 UTC","ES-NC"
"170","PV",2020-02-28,2,0,0,0,0,"2020-04-05 10:54:08 UTC","ES-PV"
"171","RI",2020-02-28,0,0,0,0,0,"2020-04-05 10:54:08 UTC","ES-RI"
"172","AN",2020-02-29,12,0,0,0,0,"2020-04-05 10:54:08 UTC","ES-AN"
"173","AR",2020-02-29,0,0,0,0,0,"2020-04-05 10:54:08 UTC","ES-AR"
"174","AS",2020-02-29,1,0,0,0,0,"2020-04-05 10:54:08 UTC","ES-AS"
"175","IB",2020-02-29,2,0,0,0,0,"2020-04-05 10:54:08 UTC","ES-IB"
"176","CN",2020-02-29,7,0,0,0,0,"2020-04-05 10:54:08 UTC","ES-CN"
"177","CB",2020-02-29,1,0,0,0,0,"2020-04-05 10:54:08 UTC","ES-CB"
"178","CM",2020-02-29,1,0,0,0,0,"2020-04-05 10:54:08 UTC","ES-CM"
"179","CL",2020-02-29,2,0,0,0,0,"2020-04-05 10:54:08 UTC","ES-CL"
"180","CT",2020-02-29,6,0,0,0,0,"2020-04-05 10:54:08 UTC","ES-CT"
"181","CE",2020-02-29,0,0,0,0,0,"2020-04-05 10:54:08 UTC","ES-CE"
"182","VC",2020-02-29,15,0,0,0,0,"2020-04-05 10:54:08 UTC","ES-VC"
"183","EX",2020-02-29,4,0,0,0,0,"2020-04-05 10:54:08 UTC","ES-EX"
"184","GA",2020-02-29,0,0,0,0,0,"2020-04-05 10:54:08 UTC","ES-GA"
"185","MD",2020-02-29,10,0,0,0,0,"2020-04-05 10:54:08 UTC","ES-MD"
"186","ML",2020-02-29,0,0,0,0,0,"2020-04-05 10:54:08 UTC","ES-ML"
"187","MC",2020-02-29,0,0,0,0,0,"2020-04-05 10:54:08 UTC","ES-MC"
"188","NC",2020-02-29,1,0,0,0,0,"2020-04-05 10:54:08 UTC","ES-NC"
"189","PV",2020-02-29,3,0,0,0,0,"2020-04-05 10:54:08 UTC","ES-PV"
"190","RI",2020-02-29,0,0,0,0,0,"2020-04-05 10:54:08 UTC","ES-RI"
"191","AN",2020-03-01,12,0,0,0,0,"2020-04-05 10:54:08 UTC","ES-AN"
"192","AR",2020-03-01,0,0,0,0,0,"2020-04-05 10:54:08 UTC","ES-AR"
"193","AS",2020-03-01,1,0,0,0,0,"2020-04-05 10:54:08 UTC","ES-AS"
"194","IB",2020-03-01,2,0,0,0,0,"2020-04-05 10:54:08 UTC","ES-IB"
"195","CN",2020-03-01,7,0,0,0,0,"2020-04-05 10:54:08 UTC","ES-CN"
"196","CB",2020-03-01,10,0,0,0,0,"2020-04-05 10:54:08 UTC","ES-CB"
"197","CM",2020-03-01,3,0,0,0,0,"2020-04-05 10:54:08 UTC","ES-CM"
"198","CL",2020-03-01,2,0,0,0,0,"2020-04-05 10:54:08 UTC","ES-CL"
"199","CT",2020-03-01,15,0,0,0,0,"2020-04-05 10:54:08 UTC","ES-CT"
"200","CE",2020-03-01,0,0,0,0,0,"2020-04-05 10:54:08 UTC","ES-CE"
"201","VC",2020-03-01,15,0,0,0,0,"2020-04-05 10:54:08 UTC","ES-VC"
"202","EX",2020-03-01,6,0,0,0,0,"2020-04-05 10:54:08 UTC","ES-EX"
"203","GA",2020-03-01,0,0,0,0,0,"2020-04-05 10:54:08 UTC","ES-GA"
"204","MD",2020-03-01,29,0,0,0,0,"2020-04-05 10:54:08 UTC","ES-MD"
"205","ML",2020-03-01,0,0,0,0,0,"2020-04-05 10:54:08 UTC","ES-ML"
"206","MC",2020-03-01,0,0,0,0,0,"2020-04-05 10:54:08 UTC","ES-MC"
"207","NC",2020-03-01,1,0,0,0,0,"2020-04-05 10:54:08 UTC","ES-NC"
"208","PV",2020-03-01,9,0,0,0,0,"2020-04-05 10:54:08 UTC","ES-PV"
"209","RI",2020-03-01,1,0,0,0,0,"2020-04-05 10:54:08 UTC","ES-RI"
"210","AN",2020-03-02,12,0,0,0,0,"2020-04-05 10:54:08 UTC","ES-AN"
"211","AR",2020-03-02,0,0,0,0,0,"2020-04-05 10:54:08 UTC","ES-AR"
"212","AS",2020-03-02,1,0,0,0,0,"2020-04-05 10:54:08 UTC","ES-AS"
"213","IB",2020-03-02,2,0,0,0,0,"2020-04-05 10:54:08 UTC","ES-IB"
"214","CN",2020-03-02,7,0,0,0,0,"2020-04-05 10:54:08 UTC","ES-CN"
"215","CB",2020-03-02,10,0,0,0,0,"2020-04-05 10:54:08 UTC","ES-CB"
"216","CM",2020-03-02,7,0,0,0,0,"2020-04-05 10:54:08 UTC","ES-CM"
"217","CL",2020-03-02,7,0,0,0,0,"2020-04-05 10:54:08 UTC","ES-CL"
"218","CT",2020-03-02,15,0,0,0,0,"2020-04-05 10:54:08 UTC","ES-CT"
"219","CE",2020-03-02,0,0,0,0,0,"2020-04-05 10:54:08 UTC","ES-CE"
"220","VC",2020-03-02,15,0,0,0,0,"2020-04-05 10:54:08 UTC","ES-VC"
"221","EX",2020-03-02,6,0,0,0,0,"2020-04-05 10:54:08 UTC","ES-EX"
"222","GA",2020-03-02,0,0,0,0,0,"2020-04-05 10:54:08 UTC","ES-GA"
"223","MD",2020-03-02,49,0,0,0,0,"2020-04-05 10:54:08 UTC","ES-MD"
"224","ML",2020-03-02,0,0,0,0,0,"2020-04-05 10:54:08 UTC","ES-ML"
"225","MC",2020-03-02,0,0,0,0,0,"2020-04-05 10:54:08 UTC","ES-MC"
"226","NC",2020-03-02,1,0,0,0,0,"2020-04-05 10:54:08 UTC","ES-NC"
"227","PV",2020-03-02,13,0,0,0,0,"2020-04-05 10:54:08 UTC","ES-PV"
"228","RI",2020-03-02,3,0,0,0,0,"2020-04-05 10:54:08 UTC","ES-RI"
"229","AN",2020-03-03,12,0,0,0,0,"2020-04-05 10:54:08 UTC","ES-AN"
"230","AR",2020-03-03,0,0,0,0,0,"2020-04-05 10:54:08 UTC","ES-AR"
"231","AS",2020-03-03,2,0,0,0,0,"2020-04-05 10:54:08 UTC","ES-AS"
"232","IB",2020-03-03,5,0,0,0,0,"2020-04-05 10:54:08 UTC","ES-IB"
"233","CN",2020-03-03,7,0,0,0,0,"2020-04-05 10:54:08 UTC","ES-CN"
"234","CB",2020-03-03,10,0,0,0,0,"2020-04-05 10:54:08 UTC","ES-CB"
"235","CM",2020-03-03,12,0,0,0,0,"2020-04-05 10:54:08 UTC","ES-CM"
"236","CL",2020-03-03,8,0,0,0,0,"2020-04-05 10:54:08 UTC","ES-CL"
"237","CT",2020-03-03,15,0,0,0,0,"2020-04-05 10:54:08 UTC","ES-CT"
"238","CE",2020-03-03,0,0,0,0,0,"2020-04-05 10:54:08 UTC","ES-CE"
"239","VC",2020-03-03,19,0,0,0,0,"2020-04-05 10:54:08 UTC","ES-VC"
"240","EX",2020-03-03,6,0,0,0,0,"2020-04-05 10:54:08 UTC","ES-EX"
"241","GA",2020-03-03,1,0,0,0,0,"2020-04-05 10:54:08 UTC","ES-GA"
"242","MD",2020-03-03,70,0,0,0,0,"2020-04-05 10:54:08 UTC","ES-MD"
"243","ML",2020-03-03,0,0,0,0,0,"2020-04-05 10:54:08 UTC","ES-ML"
"244","MC",2020-03-03,0,0,0,0,0,"2020-04-05 10:54:08 UTC","ES-MC"
"245","NC",2020-03-03,3,0,0,0,0,"2020-04-05 10:54:08 UTC","ES-NC"
"246","PV",2020-03-03,17,0,0,0,0,"2020-04-05 10:54:08 UTC","ES-PV"
"247","RI",2020-03-03,7,0,0,0,0,"2020-04-05 10:54:08 UTC","ES-RI"
"248","AN",2020-03-04,12,0,0,0,0,"2020-04-05 10:54:08 UTC","ES-AN"
"249","AR",2020-03-04,1,0,0,0,0,"2020-04-05 10:54:08 UTC","ES-AR"
"250","AS",2020-03-04,5,0,0,0,0,"2020-04-05 10:54:08 UTC","ES-AS"
"251","IB",2020-03-04,6,0,0,0,0,"2020-04-05 10:54:08 UTC","ES-IB"
"252","CN",2020-03-04,8,0,0,0,0,"2020-04-05 10:54:08 UTC","ES-CN"
"253","CB",2020-03-04,10,0,0,0,0,"2020-04-05 10:54:08 UTC","ES-CB"
"254","CM",2020-03-04,13,0,0,0,0,"2020-04-05 10:54:08 UTC","ES-CM"
"255","CL",2020-03-04,12,0,0,0,0,"2020-04-05 10:54:08 UTC","ES-CL"
"256","CT",2020-03-04,24,0,0,0,0,"2020-04-05 10:54:08 UTC","ES-CT"
"257","CE",2020-03-04,0,0,0,0,0,"2020-04-05 10:54:08 UTC","ES-CE"
"258","VC",2020-03-04,19,0,0,0,0,"2020-04-05 10:54:08 UTC","ES-VC"
"259","EX",2020-03-04,6,0,0,0,0,"2020-04-05 10:54:08 UTC","ES-EX"
"260","GA",2020-03-04,1,0,0,0,0,"2020-04-05 10:54:08 UTC","ES-GA"
"261","MD",2020-03-04,90,0,0,0,0,"2020-04-05 10:54:08 UTC","ES-MD"
"262","ML",2020-03-04,0,0,0,0,0,"2020-04-05 10:54:08 UTC","ES-ML"
"263","MC",2020-03-04,0,0,0,0,0,"2020-04-05 10:54:08 UTC","ES-MC"
"264","NC",2020-03-04,3,0,0,0,0,"2020-04-05 10:54:08 UTC","ES-NC"
"265","PV",2020-03-04,17,0,0,0,0,"2020-04-05 10:54:08 UTC","ES-PV"
"266","RI",2020-03-04,11,0,0,0,0,"2020-04-05 10:54:08 UTC","ES-RI"
"267","AN",2020-03-05,21,0,0,0,0,"2020-04-05 10:54:08 UTC","ES-AN"
"268","AR",2020-03-05,6,0,0,0,0,"2020-04-05 10:54:08 UTC","ES-AR"
"269","AS",2020-03-05,5,0,0,0,0,"2020-04-05 10:54:08 UTC","ES-AS"
"270","IB",2020-03-05,6,0,0,0,0,"2020-04-05 10:54:08 UTC","ES-IB"
"271","CN",2020-03-05,11,0,0,0,0,"2020-04-05 10:54:08 UTC","ES-CN"
"272","CB",2020-03-05,10,0,0,0,0,"2020-04-05 10:54:08 UTC","ES-CB"
"273","CM",2020-03-05,15,0,0,0,0,"2020-04-05 10:54:08 UTC","ES-CM"
"274","CL",2020-03-05,13,0,0,0,0,"2020-04-05 10:54:08 UTC","ES-CL"
"275","CT",2020-03-05,24,0,0,0,0,"2020-04-05 10:54:08 UTC","ES-CT"
"276","CE",2020-03-05,0,0,0,0,0,"2020-04-05 10:54:08 UTC","ES-CE"
"277","VC",2020-03-05,30,0,0,0,0,"2020-04-05 10:54:08 UTC","ES-VC"
"278","EX",2020-03-05,6,0,0,0,0,"2020-04-05 10:54:08 UTC","ES-EX"
"279","GA",2020-03-05,3,0,0,0,0,"2020-04-05 10:54:08 UTC","ES-GA"
"280","MD",2020-03-05,137,0,0,0,0,"2020-04-05 10:54:08 UTC","ES-MD"
"281","ML",2020-03-05,0,0,0,0,0,"2020-04-05 10:54:08 UTC","ES-ML"
"282","MC",2020-03-05,0,0,0,0,0,"2020-04-05 10:54:08 UTC","ES-MC"
"283","NC",2020-03-05,3,0,0,0,0,"2020-04-05 10:54:08 UTC","ES-NC"
"284","PV",2020-03-05,45,0,0,0,0,"2020-04-05 10:54:08 UTC","ES-PV"
"285","RI",2020-03-05,29,0,0,0,0,"2020-04-05 10:54:08 UTC","ES-RI"
"286","AN",2020-03-06,27,0,0,0,0,"2020-04-05 10:54:08 UTC","ES-AN"
"287","AR",2020-03-06,11,0,0,0,0,"2020-04-05 10:54:08 UTC","ES-AR"
"288","AS",2020-03-06,5,0,0,0,0,"2020-04-05 10:54:08 UTC","ES-AS"
"289","IB",2020-03-06,6,0,0,0,0,"2020-04-05 10:54:08 UTC","ES-IB"
"290","CN",2020-03-06,11,0,0,0,0,"2020-04-05 10:54:08 UTC","ES-CN"
"291","CB",2020-03-06,10,0,0,0,0,"2020-04-05 10:54:08 UTC","ES-CB"
"292","CM",2020-03-06,15,0,0,0,0,"2020-04-05 10:54:08 UTC","ES-CM"
"293","CL",2020-03-06,14,0,0,0,0,"2020-04-05 10:54:08 UTC","ES-CL"
"294","CT",2020-03-06,24,0,0,0,0,"2020-04-05 10:54:08 UTC","ES-CT"
"295","CE",2020-03-06,0,0,0,0,0,"2020-04-05 10:54:08 UTC","ES-CE"
"296","VC",2020-03-06,30,0,0,0,0,"2020-04-05 10:54:08 UTC","ES-VC"
"297","EX",2020-03-06,6,0,0,0,0,"2020-04-05 10:54:08 UTC","ES-EX"
"298","GA",2020-03-06,3,0,0,0,0,"2020-04-05 10:54:08 UTC","ES-GA"
"299","MD",2020-03-06,137,0,0,0,0,"2020-04-05 10:54:08 UTC","ES-MD"
"300","ML",2020-03-06,0,0,0,0,0,"2020-04-05 10:54:08 UTC","ES-ML"
"301","MC",2020-03-06,0,0,0,0,0,"2020-04-05 10:54:08 UTC","ES-MC"
"302","NC",2020-03-06,3,0,0,0,0,"2020-04-05 10:54:08 UTC","ES-NC"
"303","PV",2020-03-06,45,0,0,0,0,"2020-04-05 10:54:08 UTC","ES-PV"
"304","RI",2020-03-06,39,0,0,0,0,"2020-04-05 10:54:08 UTC","ES-RI"
"305","AN",2020-03-07,34,0,0,0,0,"2020-04-05 10:54:08 UTC","ES-AN"
"306","AR",2020-03-07,11,0,0,0,0,"2020-04-05 10:54:08 UTC","ES-AR"
"307","AS",2020-03-07,7,0,0,0,0,"2020-04-05 10:54:08 UTC","ES-AS"
"308","IB",2020-03-07,8,0,0,0,0,"2020-04-05 10:54:08 UTC","ES-IB"
"309","CN",2020-03-07,17,0,0,0,0,"2020-04-05 10:54:08 UTC","ES-CN"
"310","CB",2020-03-07,12,0,0,0,0,"2020-04-05 10:54:08 UTC","ES-CB"
"311","CM",2020-03-07,15,0,0,0,0,"2020-04-05 10:54:08 UTC","ES-CM"
"312","CL",2020-03-07,21,0,0,0,0,"2020-04-05 10:54:08 UTC","ES-CL"
"313","CT",2020-03-07,49,0,0,0,0,"2020-04-05 10:54:08 UTC","ES-CT"
"314","CE",2020-03-07,0,0,0,0,0,"2020-04-05 10:54:08 UTC","ES-CE"
"315","VC",2020-03-07,37,0,0,0,0,"2020-04-05 10:54:08 UTC","ES-VC"
"316","EX",2020-03-07,6,0,0,0,0,"2020-04-05 10:54:08 UTC","ES-EX"
"317","GA",2020-03-07,5,0,0,0,0,"2020-04-05 10:54:08 UTC","ES-GA"
"318","MD",2020-03-07,175,0,0,0,0,"2020-04-05 10:54:08 UTC","ES-MD"
"319","ML",2020-03-07,0,0,0,0,0,"2020-04-05 10:54:08 UTC","ES-ML"
"320","MC",2020-03-07,1,0,0,0,0,"2020-04-05 10:54:08 UTC","ES-MC"
"321","NC",2020-03-07,3,0,0,0,0,"2020-04-05 10:54:08 UTC","ES-NC"
"322","PV",2020-03-07,70,0,0,0,0,"2020-04-05 10:54:08 UTC","ES-PV"
"323","RI",2020-03-07,55,0,0,0,0,"2020-04-05 10:54:08 UTC","ES-RI"
"324","AN",2020-03-08,54,0,1,0,11,"2020-04-05 10:54:08 UTC","ES-AN"
"325","AR",2020-03-08,13,0,3,3,0,"2020-04-05 10:54:08 UTC","ES-AR"
"326","AS",2020-03-08,7,0,2,0,0,"2020-04-05 10:54:08 UTC","ES-AS"
"327","IB",2020-03-08,11,0,1,0,2,"2020-04-05 10:54:08 UTC","ES-IB"
"328","CN",2020-03-08,22,0,0,0,4,"2020-04-05 10:54:08 UTC","ES-CN"
"329","CB",2020-03-08,12,0,0,0,0,"2020-04-05 10:54:08 UTC","ES-CB"
"330","CM",2020-03-08,26,0,2,0,2,"2020-04-05 10:54:08 UTC","ES-CM"
"331","CL",2020-03-08,30,0,2,0,0,"2020-04-05 10:54:08 UTC","ES-CL"
"332","CT",2020-03-08,75,0,0,2,0,"2020-04-05 10:54:08 UTC","ES-CT"
"333","CE",2020-03-08,0,0,0,0,0,"2020-04-05 10:54:08 UTC","ES-CE"
"334","VC",2020-03-08,37,0,1,1,1,"2020-04-05 10:54:08 UTC","ES-VC"
"335","EX",2020-03-08,7,0,0,0,1,"2020-04-05 10:54:08 UTC","ES-EX"
"336","GA",2020-03-08,6,0,2,0,0,"2020-04-05 10:54:08 UTC","ES-GA"
"337","MD",2020-03-08,469,0,53,16,0,"2020-04-05 10:54:08 UTC","ES-MD"
"338","ML",2020-03-08,0,0,0,0,0,"2020-04-05 10:54:08 UTC","ES-ML"
"339","MC",2020-03-08,4,0,0,0,0,"2020-04-05 10:54:08 UTC","ES-MC"
"340","NC",2020-03-08,3,0,1,0,0,"2020-04-05 10:54:08 UTC","ES-NC"
"341","PV",2020-03-08,149,0,5,6,2,"2020-04-05 10:54:08 UTC","ES-PV"
"342","RI",2020-03-08,81,0,1,0,0,"2020-04-05 10:54:08 UTC","ES-RI"
"343","AN",2020-03-09,71,0,1,0,11,"2020-04-05 10:54:08 UTC","ES-AN"
"344","AR",2020-03-09,38,0,3,4,0,"2020-04-05 10:54:08 UTC","ES-AR"
"345","AS",2020-03-09,22,0,2,0,1,"2020-04-05 10:54:08 UTC","ES-AS"
"346","IB",2020-03-09,13,0,1,0,3,"2020-04-05 10:54:08 UTC","ES-IB"
"347","CN",2020-03-09,25,0,1,0,5,"2020-04-05 10:54:08 UTC","ES-CN"
"348","CB",2020-03-09,12,0,0,0,0,"2020-04-05 10:54:08 UTC","ES-CB"
"349","CM",2020-03-09,39,0,3,0,2,"2020-04-05 10:54:08 UTC","ES-CM"
"350","CL",2020-03-09,40,0,2,0,0,"2020-04-05 10:54:08 UTC","ES-CL"
"351","CT",2020-03-09,124,0,0,3,0,"2020-04-05 10:54:08 UTC","ES-CT"
"352","CE",2020-03-09,0,0,0,0,0,"2020-04-05 10:54:08 UTC","ES-CE"
"353","VC",2020-03-09,50,0,1,1,1,"2020-04-05 10:54:08 UTC","ES-VC"
"354","EX",2020-03-09,8,0,0,0,1,"2020-04-05 10:54:08 UTC","ES-EX"
"355","GA",2020-03-09,22,0,2,0,0,"2020-04-05 10:54:08 UTC","ES-GA"
"356","MD",2020-03-09,782,0,77,21,109,"2020-04-05 10:54:08 UTC","ES-MD"
"357","ML",2020-03-09,0,0,0,0,0,"2020-04-05 10:54:08 UTC","ES-ML"
"358","MC",2020-03-09,9,0,0,0,0,"2020-04-05 10:54:08 UTC","ES-MC"
"359","NC",2020-03-09,12,0,2,0,0,"2020-04-05 10:54:08 UTC","ES-NC"
"360","PV",2020-03-09,195,0,5,6,2,"2020-04-05 10:54:08 UTC","ES-PV"
"361","RI",2020-03-09,144,0,1,1,0,"2020-04-05 10:54:08 UTC","ES-RI"
"362","AN",2020-03-10,90,32,3,0,11,"2020-04-05 10:54:08 UTC","ES-AN"
"363","AR",2020-03-10,45,22,3,4,0,"2020-04-05 10:54:08 UTC","ES-AR"
"364","AS",2020-03-10,32,12,2,0,1,"2020-04-05 10:54:08 UTC","ES-AS"
"365","IB",2020-03-10,16,8,1,0,1,"2020-04-05 10:54:08 UTC","ES-IB"
"366","CN",2020-03-10,37,10,1,0,5,"2020-04-05 10:54:08 UTC","ES-CN"
"367","CB",2020-03-10,12,0,0,0,0,"2020-04-05 10:54:08 UTC","ES-CB"
"368","CM",2020-03-10,71,0,5,0,2,"2020-04-05 10:54:08 UTC","ES-CM"
"369","CL",2020-03-10,64,14,2,0,0,"2020-04-05 10:54:08 UTC","ES-CL"
"370","CT",2020-03-10,156,0,0,3,0,"2020-04-05 10:54:08 UTC","ES-CT"
"371","CE",2020-03-10,0,0,0,0,0,"2020-04-05 10:54:08 UTC","ES-CE"
"372","VC",2020-03-10,65,0,1,1,1,"2020-04-05 10:54:08 UTC","ES-VC"
"373","EX",2020-03-10,9,2,1,1,1,"2020-04-05 10:54:08 UTC","ES-EX"
"374","GA",2020-03-10,35,7,2,0,0,"2020-04-05 10:54:08 UTC","ES-GA"
"375","MD",2020-03-10,1024,0,102,31,157,"2020-04-05 10:54:08 UTC","ES-MD"
"376","ML",2020-03-10,0,0,0,0,0,"2020-04-05 10:54:08 UTC","ES-ML"
"377","MC",2020-03-10,11,4,0,0,0,"2020-04-05 10:54:08 UTC","ES-MC"
"378","NC",2020-03-10,46,10,3,0,0,"2020-04-05 10:54:08 UTC","ES-NC"
"379","PV",2020-03-10,225,102,15,6,2,"2020-04-05 10:54:08 UTC","ES-PV"
"380","RI",2020-03-10,179,13,1,2,1,"2020-04-05 10:54:08 UTC","ES-RI"
"381","AN",2020-03-11,115,50,4,0,11,"2020-04-05 10:54:08 UTC","ES-AN"
"382","AR",2020-03-11,64,28,3,6,0,"2020-04-05 10:54:08 UTC","ES-AR"
"383","AS",2020-03-11,47,12,2,1,1,"2020-04-05 10:54:08 UTC","ES-AS"
"384","IB",2020-03-11,22,8,2,1,1,"2020-04-05 10:54:08 UTC","ES-IB"
"385","CN",2020-03-11,51,15,3,0,5,"2020-04-05 10:54:08 UTC","ES-CN"
"386","CB",2020-03-11,16,3,0,0,6,"2020-04-05 10:54:08 UTC","ES-CB"
"387","CM",2020-03-11,115,39,9,1,2,"2020-04-05 10:54:08 UTC","ES-CM"
"388","CL",2020-03-11,71,24,2,0,0,"2020-04-05 10:54:08 UTC","ES-CL"
"389","CT",2020-03-11,260,0,0,4,0,"2020-04-05 10:54:08 UTC","ES-CT"
"390","CE",2020-03-11,0,0,0,0,0,"2020-04-05 10:54:08 UTC","ES-CE"
"391","VC",2020-03-11,76,22,2,1,1,"2020-04-05 10:54:08 UTC","ES-VC"
"392","EX",2020-03-11,19,2,1,1,3,"2020-04-05 10:54:08 UTC","ES-EX"
"393","GA",2020-03-11,35,7,2,0,0,"2020-04-05 10:54:08 UTC","ES-GA"
"394","MD",2020-03-11,1388,0,135,56,157,"2020-04-05 10:54:08 UTC","ES-MD"
"395","ML",2020-03-11,0,0,0,0,0,"2020-04-05 10:54:08 UTC","ES-ML"
"396","MC",2020-03-11,26,5,1,0,0,"2020-04-05 10:54:08 UTC","ES-MC"
"397","NC",2020-03-11,73,17,3,0,0,"2020-04-05 10:54:08 UTC","ES-NC"
"398","PV",2020-03-11,346,146,18,11,1,"2020-04-05 10:54:08 UTC","ES-PV"
"399","RI",2020-03-11,205,21,1,2,1,"2020-04-05 10:54:08 UTC","ES-RI"
"400","AN",2020-03-12,219,92,8,0,0,"2020-04-05 10:54:08 UTC","ES-AN"
"401","AR",2020-03-12,80,30,3,7,0,"2020-04-05 10:54:08 UTC","ES-AR"
"402","AS",2020-03-12,67,16,2,1,1,"2020-04-05 10:54:08 UTC","ES-AS"
"403","IB",2020-03-12,28,9,2,1,1,"2020-04-05 10:54:08 UTC","ES-IB"
"404","CN",2020-03-12,70,15,3,0,5,"2020-04-05 10:54:08 UTC","ES-CN"
"405","CB",2020-03-12,29,3,0,0,7,"2020-04-05 10:54:08 UTC","ES-CB"
"406","CM",2020-03-12,194,78,10,5,1,"2020-04-05 10:54:08 UTC","ES-CM"
"407","CL",2020-03-12,92,25,4,0,1,"2020-04-05 10:54:08 UTC","ES-CL"
"408","CT",2020-03-12,316,0,25,6,0,"2020-04-05 10:54:08 UTC","ES-CT"
"409","CE",2020-03-12,0,0,0,0,0,"2020-04-05 10:54:08 UTC","ES-CE"
"410","VC",2020-03-12,94,23,2,1,2,"2020-04-05 10:54:08 UTC","ES-VC"
"411","EX",2020-03-12,39,3,1,1,3,"2020-04-05 10:54:08 UTC","ES-EX"
"412","GA",2020-03-12,85,15,2,0,0,"2020-04-05 10:54:08 UTC","ES-GA"
"413","MD",2020-03-12,1990,1304,180,81,157,"2020-04-05 10:54:08 UTC","ES-MD"
"414","ML",2020-03-12,2,3,0,0,0,"2020-04-05 10:54:08 UTC","ES-ML"
"415","MC",2020-03-12,35,8,2,0,0,"2020-04-05 10:54:08 UTC","ES-MC"
"416","NC",2020-03-12,130,28,4,0,0,"2020-04-05 10:54:08 UTC","ES-NC"
"417","PV",2020-03-12,417,179,20,14,2,"2020-04-05 10:54:08 UTC","ES-PV"
"418","RI",2020-03-12,243,27,2,3,1,"2020-04-05 10:54:08 UTC","ES-RI"
"419","AN",2020-03-13,269,92,8,2,0,"2020-04-05 10:54:08 UTC","ES-AN"
"420","AR",2020-03-13,121,42,5,7,0,"2020-04-05 10:54:08 UTC","ES-AR"
"421","AS",2020-03-13,92,16,2,1,1,"2020-04-05 10:54:08 UTC","ES-AS"
"422","IB",2020-03-13,28,9,2,1,1,"2020-04-05 10:54:08 UTC","ES-IB"
"423","CN",2020-03-13,90,15,6,1,7,"2020-04-05 10:54:08 UTC","ES-CN"
"424","CB",2020-03-13,31,3,0,0,7,"2020-04-05 10:54:08 UTC","ES-CB"
"425","CM",2020-03-13,289,78,10,6,5,"2020-04-05 10:54:08 UTC","ES-CM"
"426","CL",2020-03-13,169,25,8,1,2,"2020-04-05 10:54:08 UTC","ES-CL"
"427","CT",2020-03-13,509,0,33,6,0,"2020-04-05 10:54:08 UTC","ES-CT"
"428","CE",2020-03-13,0,0,0,0,0,"2020-04-05 10:54:08 UTC","ES-CE"
"429","VC",2020-03-13,130,31,4,4,2,"2020-04-05 10:54:08 UTC","ES-VC"
"430","EX",2020-03-13,66,3,1,2,4,"2020-04-05 10:54:08 UTC","ES-EX"
"431","GA",2020-03-13,115,32,7,0,3,"2020-04-05 10:54:08 UTC","ES-GA"
"432","MD",2020-03-13,2940,1518,180,86,474,"2020-04-05 10:54:08 UTC","ES-MD"
"433","ML",2020-03-13,3,3,0,0,0,"2020-04-05 10:54:08 UTC","ES-ML"
"434","MC",2020-03-13,47,8,2,0,0,"2020-04-05 10:54:08 UTC","ES-MC"
"435","NC",2020-03-13,146,28,4,0,0,"2020-04-05 10:54:08 UTC","ES-NC"
"436","PV",2020-03-13,521,179,22,14,5,"2020-04-05 10:54:08 UTC","ES-PV"
"437","RI",2020-03-13,278,38,2,3,1,"2020-04-05 10:54:08 UTC","ES-RI"
"438","AN",2020-03-14,437,92,8,6,0,"2020-04-05 10:54:08 UTC","ES-AN"
"439","AR",2020-03-14,147,59,5,7,0,"2020-04-05 10:54:08 UTC","ES-AR"
"440","AS",2020-03-14,137,16,3,1,1,"2020-04-05 10:54:08 UTC","ES-AS"
"441","IB",2020-03-14,42,9,2,1,1,"2020-04-05 10:54:08 UTC","ES-IB"
"442","CN",2020-03-14,109,15,6,1,7,"2020-04-05 10:54:08 UTC","ES-CN"
"443","CB",2020-03-14,51,3,0,0,10,"2020-04-05 10:54:08 UTC","ES-CB"
"444","CM",2020-03-14,401,78,10,10,5,"2020-04-05 10:54:08 UTC","ES-CM"
"445","CL",2020-03-14,223,45,8,3,3,"2020-04-05 10:54:08 UTC","ES-CL"
"446","CT",2020-03-14,715,0,33,8,0,"2020-04-05 10:54:08 UTC","ES-CT"
"447","CE",2020-03-14,1,0,0,0,0,"2020-04-05 10:54:08 UTC","ES-CE"
"448","VC",2020-03-14,409,31,4,5,2,"2020-04-05 10:54:08 UTC","ES-VC"
"449","EX",2020-03-14,95,8,1,2,4,"2020-04-05 10:54:08 UTC","ES-EX"
"450","GA",2020-03-14,195,32,8,2,4,"2020-04-05 10:54:08 UTC","ES-GA"
"451","MD",2020-03-14,3544,2337,253,213,474,"2020-04-05 10:54:08 UTC","ES-MD"
"452","ML",2020-03-14,8,4,0,0,0,"2020-04-05 10:54:08 UTC","ES-ML"
"453","MC",2020-03-14,71,13,2,0,0,"2020-04-05 10:54:08 UTC","ES-MC"
"454","NC",2020-03-14,183,34,4,0,0,"2020-04-05 10:54:08 UTC","ES-NC"
"455","PV",2020-03-14,630,262,29,23,5,"2020-04-05 10:54:08 UTC","ES-PV"
"456","RI",2020-03-14,300,58,7,3,1,"2020-04-05 10:54:08 UTC","ES-RI"
"457","AN",2020-03-15,554,197,11,7,0,"2020-04-05 10:54:08 UTC","ES-AN"
"458","AR",2020-03-15,174,64,7,11,0,"2020-04-05 10:54:08 UTC","ES-AR"
"459","AS",2020-03-15,177,16,3,1,3,"2020-04-05 10:54:08 UTC","ES-AS"
"460","IB",2020-03-15,73,21,4,1,1,"2020-04-05 10:54:08 UTC","ES-IB"
"461","CN",2020-03-15,119,40,9,1,7,"2020-04-05 10:54:08 UTC","ES-CN"
"462","CB",2020-03-15,58,18,2,0,10,"2020-04-05 10:54:08 UTC","ES-CB"
"463","CM",2020-03-15,567,207,23,17,12,"2020-04-05 10:54:08 UTC","ES-CM"
"464","CL",2020-03-15,292,45,8,6,5,"2020-04-05 10:54:08 UTC","ES-CL"
"465","CT",2020-03-15,903,0,33,12,0,"2020-04-05 10:54:08 UTC","ES-CT"
"466","CE",2020-03-15,1,0,0,0,0,"2020-04-05 10:54:08 UTC","ES-CE"
"467","VC",2020-03-15,409,31,4,5,2,"2020-04-05 10:54:08 UTC","ES-VC"
"468","EX",2020-03-15,111,9,1,2,4,"2020-04-05 10:54:08 UTC","ES-EX"
"469","GA",2020-03-15,245,49,9,2,4,"2020-04-05 10:54:08 UTC","ES-GA"
"470","MD",2020-03-15,4165,2337,253,213,474,"2020-04-05 10:54:08 UTC","ES-MD"
"471","ML",2020-03-15,8,4,0,0,0,"2020-04-05 10:54:08 UTC","ES-ML"
"472","MC",2020-03-15,77,13,2,0,1,"2020-04-05 10:54:08 UTC","ES-MC"
"473","NC",2020-03-15,274,58,5,1,0,"2020-04-05 10:54:08 UTC","ES-NC"
"474","PV",2020-03-15,630,262,29,23,5,"2020-04-05 10:54:08 UTC","ES-PV"
"475","RI",2020-03-15,312,64,13,4,2,"2020-04-05 10:54:08 UTC","ES-RI"
"476","AN",2020-03-16,683,229,13,11,0,"2020-04-05 10:54:08 UTC","ES-AN"
"477","AR",2020-03-16,207,74,9,12,0,"2020-04-05 10:54:08 UTC","ES-AR"
"478","AS",2020-03-16,193,34,5,1,3,"2020-04-05 10:54:08 UTC","ES-AS"
"479","IB",2020-03-16,92,26,4,1,1,"2020-04-05 10:54:08 UTC","ES-IB"
"480","CN",2020-03-16,148,56,13,2,8,"2020-04-05 10:54:08 UTC","ES-CN"
"481","CB",2020-03-16,58,18,2,0,10,"2020-04-05 10:54:08 UTC","ES-CB"
"482","CM",2020-03-16,567,207,23,17,12,"2020-04-05 10:54:08 UTC","ES-CM"
"483","CL",2020-03-16,431,95,24,12,5,"2020-04-05 10:54:08 UTC","ES-CL"
"484","CT",2020-03-16,1394,0,33,18,0,"2020-04-05 10:54:08 UTC","ES-CT"
"485","CE",2020-03-16,1,0,0,0,0,"2020-04-05 10:54:08 UTC","ES-CE"
"486","VC",2020-03-16,541,135,27,13,12,"2020-04-05 10:54:08 UTC","ES-VC"
"487","EX",2020-03-16,153,18,2,3,5,"2020-04-05 10:54:08 UTC","ES-EX"
"488","GA",2020-03-16,292,49,9,3,7,"2020-04-05 10:54:08 UTC","ES-GA"
"489","MD",2020-03-16,4871,3710,340,355,951,"2020-04-05 10:54:08 UTC","ES-MD"
"490","ML",2020-03-16,17,4,0,0,0,"2020-04-05 10:54:08 UTC","ES-ML"
"491","MC",2020-03-16,97,18,3,0,1,"2020-04-05 10:54:08 UTC","ES-MC"
"492","NC",2020-03-16,313,72,10,2,0,"2020-04-05 10:54:08 UTC","ES-NC"
"493","PV",2020-03-16,765,309,33,36,11,"2020-04-05 10:54:08 UTC","ES-PV"
"494","RI",2020-03-16,355,82,13,5,2,"2020-04-05 10:54:08 UTC","ES-RI"
"495","AN",2020-03-17,859,319,21,19,38,"2020-04-05 10:54:08 UTC","ES-AN"
"496","AR",2020-03-17,226,81,9,13,0,"2020-04-05 10:54:08 UTC","ES-AR"
"497","AS",2020-03-17,242,45,5,1,4,"2020-04-05 10:54:08 UTC","ES-AS"
"498","IB",2020-03-17,112,29,4,1,4,"2020-04-05 10:54:08 UTC","ES-IB"
"499","CN",2020-03-17,181,73,17,3,8,"2020-04-05 10:54:08 UTC","ES-CN"
"500","CB",2020-03-17,68,25,3,1,10,"2020-04-05 10:54:08 UTC","ES-CB"
"501","CM",2020-03-17,675,277,29,28,15,"2020-04-05 10:54:08 UTC","ES-CM"
"502","CL",2020-03-17,668,219,43,22,5,"2020-04-05 10:54:08 UTC","ES-CL"
"503","CT",2020-03-17,1866,0,33,41,0,"2020-04-05 10:54:08 UTC","ES-CT"
"504","CE",2020-03-17,1,0,0,0,0,"2020-04-05 10:54:08 UTC","ES-CE"
"505","VC",2020-03-17,726,252,40,22,16,"2020-04-05 10:54:08 UTC","ES-VC"
"506","EX",2020-03-17,194,27,3,6,6,"2020-04-05 10:54:08 UTC","ES-EX"
"507","GA",2020-03-17,341,63,12,3,7,"2020-04-05 10:54:08 UTC","ES-GA"
"508","MD",2020-03-17,5637,3778,491,390,951,"2020-04-05 10:54:08 UTC","ES-MD"
"509","ML",2020-03-17,20,4,0,0,0,"2020-04-05 10:54:08 UTC","ES-ML"
"510","MC",2020-03-17,122,22,4,0,1,"2020-04-05 10:54:08 UTC","ES-MC"
"511","NC",2020-03-17,386,93,10,3,0,"2020-04-05 10:54:08 UTC","ES-NC"
"512","PV",2020-03-17,973,353,37,40,14,"2020-04-05 10:54:08 UTC","ES-PV"
"513","RI",2020-03-17,419,99,13,5,2,"2020-04-05 10:54:08 UTC","ES-RI"
"514","AN",2020-03-18,1008,384,25,23,33,"2020-04-05 10:54:08 UTC","ES-AN"
"515","AR",2020-03-18,281,101,14,15,0,"2020-04-05 10:54:08 UTC","ES-AR"
"516","AS",2020-03-18,292,61,6,1,4,"2020-04-05 10:54:08 UTC","ES-AS"
"517","IB",2020-03-18,169,31,7,2,6,"2020-04-05 10:54:08 UTC","ES-IB"
"518","CN",2020-03-18,220,82,23,3,9,"2020-04-05 10:54:08 UTC","ES-CN"
"519","CB",2020-03-18,83,40,4,1,10,"2020-04-05 10:54:08 UTC","ES-CB"
"520","CM",2020-03-18,801,313,37,42,27,"2020-04-05 10:54:08 UTC","ES-CM"
"521","CL",2020-03-18,868,281,54,29,27,"2020-04-05 10:54:08 UTC","ES-CL"
"522","CT",2020-03-18,2702,0,33,55,0,"2020-04-05 10:54:08 UTC","ES-CT"
"523","CE",2020-03-18,1,0,0,0,0,"2020-04-05 10:54:08 UTC","ES-CE"
"524","VC",2020-03-18,921,274,52,24,19,"2020-04-05 10:54:08 UTC","ES-VC"
"525","EX",2020-03-18,241,36,3,8,6,"2020-04-05 10:54:08 UTC","ES-EX"
"526","GA",2020-03-18,453,100,15,4,4,"2020-04-05 10:54:08 UTC","ES-GA"
"527","MD",2020-03-18,6777,5168,590,498,941,"2020-04-05 10:54:08 UTC","ES-MD"
"528","ML",2020-03-18,23,4,0,0,0,"2020-04-05 10:54:08 UTC","ES-ML"
"529","MC",2020-03-18,167,36,6,0,1,"2020-04-05 10:54:08 UTC","ES-MC"
"530","NC",2020-03-18,482,132,11,4,0,"2020-04-05 10:54:08 UTC","ES-NC"
"531","PV",2020-03-18,1190,455,44,53,18,"2020-04-05 10:54:08 UTC","ES-PV"
"532","RI",2020-03-18,468,121,15,5,2,"2020-04-05 10:54:08 UTC","ES-RI"
"533","AN",2020-03-19,1287,501,38,30,36,"2020-04-05 10:54:08 UTC","ES-AN"
"534","AR",2020-03-19,360,127,28,17,0,"2020-04-05 10:54:08 UTC","ES-AR"
"535","AS",2020-03-19,344,87,7,2,12,"2020-04-05 10:54:08 UTC","ES-AS"
"536","IB",2020-03-19,203,48,10,2,10,"2020-04-05 10:54:08 UTC","ES-IB"
"537","CN",2020-03-19,287,115,25,4,9,"2020-04-05 10:54:08 UTC","ES-CN"
"538","CB",2020-03-19,144,61,7,1,10,"2020-04-05 10:54:08 UTC","ES-CB"
"539","CM",2020-03-19,1044,313,37,42,27,"2020-04-05 10:54:08 UTC","ES-CM"
"540","CL",2020-03-19,1147,370,69,43,37,"2020-04-05 10:54:08 UTC","ES-CL"
"541","CT",2020-03-19,3270,1002,33,82,150,"2020-04-05 10:54:08 UTC","ES-CT"
"542","CE",2020-03-19,5,0,0,0,0,"2020-04-05 10:54:08 UTC","ES-CE"
"543","VC",2020-03-19,1105,378,71,33,20,"2020-04-05 10:54:08 UTC","ES-VC"
"544","EX",2020-03-19,297,44,4,10,7,"2020-04-05 10:54:08 UTC","ES-EX"
"545","GA",2020-03-19,578,138,19,5,5,"2020-04-05 10:54:08 UTC","ES-GA"
"546","MD",2020-03-19,7165,6338,678,628,1186,"2020-04-05 10:54:08 UTC","ES-MD"
"547","ML",2020-03-19,24,5,1,0,0,"2020-04-05 10:54:08 UTC","ES-ML"
"548","MC",2020-03-19,204,47,11,0,1,"2020-04-05 10:54:08 UTC","ES-MC"
"549","NC",2020-03-19,554,172,19,5,1,"2020-04-05 10:54:08 UTC","ES-NC"
"550","PV",2020-03-19,1465,550,53,71,21,"2020-04-05 10:54:08 UTC","ES-PV"
"551","RI",2020-03-19,497,122,15,7,13,"2020-04-05 10:54:08 UTC","ES-RI"
"552","AN",2020-03-20,1515,605,53,40,36,"2020-04-05 10:54:08 UTC","ES-AN"
"553","AR",2020-03-20,424,192,33,22,0,"2020-04-05 10:54:08 UTC","ES-AR"
"554","AS",2020-03-20,486,133,12,5,16,"2020-04-05 10:54:08 UTC","ES-AS"
"555","IB",2020-03-20,246,60,14,4,11,"2020-04-05 10:54:08 UTC","ES-IB"
"556","CN",2020-03-20,348,139,29,7,7,"2020-04-05 10:54:08 UTC","ES-CN"
"557","CB",2020-03-20,215,92,9,2,11,"2020-04-05 10:54:08 UTC","ES-CB"
"558","CM",2020-03-20,1423,635,65,84,38,"2020-04-05 10:54:08 UTC","ES-CM"
"559","CL",2020-03-20,1466,575,85,55,54,"2020-04-05 10:54:08 UTC","ES-CL"
"560","CT",2020-03-20,4203,1681,298,122,150,"2020-04-05 10:54:08 UTC","ES-CT"
"561","CE",2020-03-20,5,0,0,0,0,"2020-04-05 10:54:08 UTC","ES-CE"
"562","VC",2020-03-20,1363,476,84,50,25,"2020-04-05 10:54:08 UTC","ES-VC"
"563","EX",2020-03-20,354,65,6,12,8,"2020-04-05 10:54:08 UTC","ES-EX"
"564","GA",2020-03-20,739,168,29,9,6,"2020-04-05 10:54:08 UTC","ES-GA"
"565","MD",2020-03-20,8921,7388,767,804,1542,"2020-04-05 10:54:08 UTC","ES-MD"
"566","ML",2020-03-20,25,8,1,0,0,"2020-04-05 10:54:08 UTC","ES-ML"
"567","MC",2020-03-20,240,61,14,1,1,"2020-04-05 10:54:08 UTC","ES-MC"
"568","NC",2020-03-20,664,222,25,9,1,"2020-04-05 10:54:08 UTC","ES-NC"
"569","PV",2020-03-20,1725,654,71,85,165,"2020-04-05 10:54:08 UTC","ES-PV"
"570","RI",2020-03-20,564,128,17,15,18,"2020-04-05 10:54:08 UTC","ES-RI"
"571","AN",2020-03-21,1725,724,55,47,38,"2020-04-05 10:54:08 UTC","ES-AN"
"572","AR",2020-03-21,532,241,45,24,3,"2020-04-05 10:54:08 UTC","ES-AR"
"573","AS",2020-03-21,545,171,15,8,20,"2020-04-05 10:54:08 UTC","ES-AS"
"574","IB",2020-03-21,331,79,14,4,17,"2020-04-05 10:54:08 UTC","ES-IB"
"575","CN",2020-03-21,414,150,32,9,7,"2020-04-05 10:54:08 UTC","ES-CN"
"576","CB",2020-03-21,282,116,9,5,11,"2020-04-05 10:54:08 UTC","ES-CB"
"577","CM",2020-03-21,1819,838,76,112,48,"2020-04-05 10:54:08 UTC","ES-CM"
"578","CL",2020-03-21,1744,709,106,74,89,"2020-04-05 10:54:08 UTC","ES-CL"
"579","CT",2020-03-21,4704,1681,298,191,150,"2020-04-05 10:54:08 UTC","ES-CT"
"580","CE",2020-03-21,5,0,0,0,0,"2020-04-05 10:54:08 UTC","ES-CE"
"581","VC",2020-03-21,1604,590,113,69,30,"2020-04-05 10:54:08 UTC","ES-VC"
"582","EX",2020-03-21,384,87,8,14,8,"2020-04-05 10:54:08 UTC","ES-EX"
"583","GA",2020-03-21,915,227,35,12,16,"2020-04-05 10:54:08 UTC","ES-GA"
"584","MD",2020-03-21,9702,8441,834,1021,1899,"2020-04-05 10:54:08 UTC","ES-MD"
"585","ML",2020-03-21,25,12,1,0,0,"2020-04-05 10:54:08 UTC","ES-ML"
"586","MC",2020-03-21,296,78,16,1,1,"2020-04-05 10:54:08 UTC","ES-MC"
"587","NC",2020-03-21,794,288,30,14,4,"2020-04-05 10:54:08 UTC","ES-NC"
"588","PV",2020-03-21,2097,988,81,97,216,"2020-04-05 10:54:08 UTC","ES-PV"
"589","RI",2020-03-21,654,134,17,18,18,"2020-04-05 10:54:08 UTC","ES-RI"
"590","AN",2020-03-22,1961,865,77,58,50,"2020-04-05 10:54:08 UTC","ES-AN"
"591","AR",2020-03-22,638,298,52,32,30,"2020-04-05 10:54:08 UTC","ES-AR"
"592","AS",2020-03-22,594,194,22,12,21,"2020-04-05 10:54:08 UTC","ES-AS"
"593","IB",2020-03-22,400,87,27,10,18,"2020-04-05 10:54:08 UTC","ES-IB"
"594","CN",2020-03-22,481,172,32,11,7,"2020-04-05 10:54:08 UTC","ES-CN"
"595","CB",2020-03-22,347,157,14,6,11,"2020-04-05 10:54:08 UTC","ES-CB"
"596","CM",2020-03-22,2078,1547,142,145,51,"2020-04-05 10:54:08 UTC","ES-CM"
"597","CL",2020-03-22,2055,860,120,102,117,"2020-04-05 10:54:08 UTC","ES-CL"
"598","CT",2020-03-22,5925,1681,551,245,644,"2020-04-05 10:54:08 UTC","ES-CT"
"599","CE",2020-03-22,6,0,0,0,0,"2020-04-05 10:54:08 UTC","ES-CE"
"600","VC",2020-03-22,1901,702,138,94,36,"2020-04-05 10:54:08 UTC","ES-VC"
"601","EX",2020-03-22,493,131,13,18,6,"2020-04-05 10:54:08 UTC","ES-EX"
"602","GA",2020-03-22,1208,270,47,18,19,"2020-04-05 10:54:08 UTC","ES-GA"
"603","MD",2020-03-22,10575,9561,942,1263,2063,"2020-04-05 10:54:08 UTC","ES-MD"
"604","ML",2020-03-22,28,12,1,0,0,"2020-04-05 10:54:08 UTC","ES-ML"
"605","MC",2020-03-22,345,80,23,2,1,"2020-04-05 10:54:08 UTC","ES-MC"
"606","NC",2020-03-22,886,339,40,24,7,"2020-04-05 10:54:08 UTC","ES-NC"
"607","PV",2020-03-22,2421,1252,92,120,283,"2020-04-05 10:54:08 UTC","ES-PV"
"608","RI",2020-03-22,747,166,22,22,18,"2020-04-05 10:54:08 UTC","ES-RI"
"609","AN",2020-03-23,2471,1132,102,87,66,"2020-04-05 10:54:08 UTC","ES-AN"
"610","AR",2020-03-23,758,384,66,37,3,"2020-04-05 10:54:08 UTC","ES-AR"
"611","AS",2020-03-23,662,224,23,22,30,"2020-04-05 10:54:08 UTC","ES-AS"
"612","IB",2020-03-23,478,127,35,10,19,"2020-04-05 10:54:08 UTC","ES-IB"
"613","CN",2020-03-23,557,207,36,16,8,"2020-04-05 10:54:08 UTC","ES-CN"
"614","CB",2020-03-23,425,200,16,9,12,"2020-04-05 10:54:08 UTC","ES-CB"
"615","CM",2020-03-23,2465,1826,182,216,53,"2020-04-05 10:54:08 UTC","ES-CM"
"616","CL",2020-03-23,2460,1057,137,124,140,"2020-04-05 10:54:08 UTC","ES-CL"
"617","CT",2020-03-23,7864,3599,551,282,728,"2020-04-05 10:54:08 UTC","ES-CT"
"618","CE",2020-03-23,6,0,0,0,0,"2020-04-05 10:54:08 UTC","ES-CE"
"619","VC",2020-03-23,2167,917,161,115,37,"2020-04-05 10:54:08 UTC","ES-VC"
"620","EX",2020-03-23,636,161,20,26,8,"2020-04-05 10:54:08 UTC","ES-EX"
"621","GA",2020-03-23,1415,338,55,20,19,"2020-04-05 10:54:08 UTC","ES-GA"
"622","MD",2020-03-23,12352,10443,1050,1535,2291,"2020-04-05 10:54:08 UTC","ES-MD"
"623","ML",2020-03-23,28,12,1,0,0,"2020-04-05 10:54:08 UTC","ES-ML"
"624","MC",2020-03-23,385,99,26,3,1,"2020-04-05 10:54:08 UTC","ES-MC"
"625","NC",2020-03-23,1014,405,45,31,11,"2020-04-05 10:54:08 UTC","ES-NC"
"626","PV",2020-03-23,2728,1425,106,133,344,"2020-04-05 10:54:08 UTC","ES-PV"
"627","RI",2020-03-23,802,206,24,30,24,"2020-04-05 10:54:08 UTC","ES-RI"
"628","AN",2020-03-24,3010,1433,116,113,71,"2020-04-05 10:54:08 UTC","ES-AN"
"629","AR",2020-03-24,907,459,75,40,4,"2020-04-05 10:54:08 UTC","ES-AR"
"630","AS",2020-03-24,779,263,29,25,35,"2020-04-05 10:54:08 UTC","ES-AS"
"631","IB",2020-03-24,562,164,40,13,28,"2020-04-05 10:54:08 UTC","ES-IB"
"632","CN",2020-03-24,657,235,43,21,15,"2020-04-05 10:54:08 UTC","ES-CN"
"633","CB",2020-03-24,510,241,18,14,12,"2020-04-05 10:54:08 UTC","ES-CB"
"634","CM",2020-03-24,2780,2162,210,263,71,"2020-04-05 10:54:08 UTC","ES-CM"
"635","CL",2020-03-24,2940,1244,170,165,213,"2020-04-05 10:54:08 UTC","ES-CL"
"636","CT",2020-03-24,9937,5434,781,516,1274,"2020-04-05 10:54:08 UTC","ES-CT"
"637","CE",2020-03-24,9,2,1,0,0,"2020-04-05 10:54:08 UTC","ES-CE"
"638","VC",2020-03-24,2616,1071,198,143,44,"2020-04-05 10:54:08 UTC","ES-VC"
"639","EX",2020-03-24,742,209,28,39,8,"2020-04-05 10:54:08 UTC","ES-EX"
"640","GA",2020-03-24,1653,412,69,27,25,"2020-04-05 10:54:08 UTC","ES-GA"
"641","MD",2020-03-24,14597,11153,1150,1825,3031,"2020-04-05 10:54:08 UTC","ES-MD"
"642","ML",2020-03-24,38,14,2,0,0,"2020-04-05 10:54:08 UTC","ES-ML"
"643","MC",2020-03-24,477,127,33,5,4,"2020-04-05 10:54:08 UTC","ES-MC"
"644","NC",2020-03-24,1197,506,51,33,23,"2020-04-05 10:54:08 UTC","ES-NC"
"645","PV",2020-03-24,3271,1577,119,155,466,"2020-04-05 10:54:08 UTC","ES-PV"
"646","RI",2020-03-24,928,254,33,37,43,"2020-04-05 10:54:08 UTC","ES-RI"
"647","AN",2020-03-25,3406,1626,134,134,77,"2020-04-05 10:54:08 UTC","ES-AN"
"648","AR",2020-03-25,1116,562,93,48,4,"2020-04-05 10:54:08 UTC","ES-AR"
"649","AS",2020-03-25,841,300,34,27,40,"2020-04-05 10:54:08 UTC","ES-AS"
"650","IB",2020-03-25,660,205,43,17,39,"2020-04-05 10:54:08 UTC","ES-IB"
"651","CN",2020-03-25,784,279,45,24,18,"2020-04-05 10:54:08 UTC","ES-CN"
"652","CB",2020-03-25,671,300,26,17,14,"2020-04-05 10:54:08 UTC","ES-CB"
"653","CM",2020-03-25,3383,2162,243,316,95,"2020-04-05 10:54:08 UTC","ES-CM"
"654","CL",2020-03-25,3488,1515,202,206,308,"2020-04-05 10:54:08 UTC","ES-CL"
"655","CT",2020-03-25,11592,7439,1021,672,1697,"2020-04-05 10:54:08 UTC","ES-CT"
"656","CE",2020-03-25,10,2,2,0,0,"2020-04-05 10:54:08 UTC","ES-CE"
"657","VC",2020-03-25,3200,1278,230,167,57,"2020-04-05 10:54:08 UTC","ES-VC"
"658","EX",2020-03-25,969,241,34,58,24,"2020-04-05 10:54:08 UTC","ES-EX"
"659","GA",2020-03-25,1915,503,86,32,47,"2020-04-05 10:54:08 UTC","ES-GA"
"660","MD",2020-03-25,17166,12440,1221,2090,3882,"2020-04-05 10:54:08 UTC","ES-MD"
"661","ML",2020-03-25,39,16,2,1,0,"2020-04-05 10:54:08 UTC","ES-ML"
"662","MC",2020-03-25,596,172,36,8,9,"2020-04-05 10:54:08 UTC","ES-MC"
"663","NC",2020-03-25,1411,649,54,49,35,"2020-04-05 10:54:08 UTC","ES-NC"
"664","PV",2020-03-25,3946,1907,137,180,621,"2020-04-05 10:54:08 UTC","ES-PV"
"665","RI",2020-03-25,995,316,36,43,48,"2020-04-05 10:54:08 UTC","ES-RI"
"666","AN",2020-03-26,3793,1843,148,144,92,"2020-04-05 10:54:08 UTC","ES-AN"
"667","AR",2020-03-26,1338,693,114,58,8,"2020-04-05 10:54:08 UTC","ES-AR"
"668","AS",2020-03-26,900,339,47,29,52,"2020-04-05 10:54:08 UTC","ES-AS"
"669","IB",2020-03-26,755,237,46,22,67,"2020-04-05 10:54:08 UTC","ES-IB"
"670","CN",2020-03-26,878,328,61,27,20,"2020-04-05 10:54:08 UTC","ES-CN"
"671","CB",2020-03-26,810,355,29,21,19,"2020-04-05 10:54:08 UTC","ES-CB"
"672","CM",2020-03-26,3934,2707,273,367,153,"2020-04-05 10:54:08 UTC","ES-CM"
"673","CL",2020-03-26,4132,1791,228,252,423,"2020-04-05 10:54:08 UTC","ES-CL"
"674","CT",2020-03-26,12940,8545,1187,880,2348,"2020-04-05 10:54:08 UTC","ES-CT"
"675","CE",2020-03-26,17,2,2,0,0,"2020-04-05 10:54:08 UTC","ES-CE"
"676","VC",2020-03-26,3532,1422,252,198,73,"2020-04-05 10:54:08 UTC","ES-VC"
"677","EX",2020-03-26,1231,277,41,69,33,"2020-04-05 10:54:08 UTC","ES-EX"
"678","GA",2020-03-26,2322,557,98,43,67,"2020-04-05 10:54:08 UTC","ES-GA"
"679","MD",2020-03-26,19243,13580,1312,2412,5044,"2020-04-05 10:54:08 UTC","ES-MD"
"680","ML",2020-03-26,42,18,2,1,0,"2020-04-05 10:54:08 UTC","ES-ML"
"681","MC",2020-03-26,714,209,53,15,12,"2020-04-05 10:54:08 UTC","ES-MC"
"682","NC",2020-03-26,1641,732,75,58,70,"2020-04-05 10:54:08 UTC","ES-NC"
"683","PV",2020-03-26,4601,2270,154,207,814,"2020-04-05 10:54:08 UTC","ES-PV"
"684","RI",2020-03-26,1236,388,43,55,62,"2020-04-05 10:54:08 UTC","ES-RI"
"685","AN",2020-03-27,4277,2106,172,175,139,"2020-04-05 10:54:08 UTC","ES-AN"
"686","AR",2020-03-27,1592,835,124,93,8,"2020-04-05 10:54:08 UTC","ES-AR"
"687","AS",2020-03-27,1004,408,50,33,65,"2020-04-05 10:54:08 UTC","ES-AS"
"688","IB",2020-03-27,862,283,59,26,80,"2020-04-05 10:54:08 UTC","ES-IB"
"689","CN",2020-03-27,1025,377,68,36,25,"2020-04-05 10:54:08 UTC","ES-CN"
"690","CB",2020-03-27,937,406,37,22,21,"2020-04-05 10:54:08 UTC","ES-CB"
"691","CM",2020-03-27,4512,2977,289,448,197,"2020-04-05 10:54:08 UTC","ES-CM"
"692","CL",2020-03-27,4791,2063,249,321,585,"2020-04-05 10:54:08 UTC","ES-CL"
"693","CT",2020-03-27,14263,9900,1324,1070,3106,"2020-04-05 10:54:08 UTC","ES-CT"
"694","CE",2020-03-27,17,2,2,1,0,"2020-04-05 10:54:08 UTC","ES-CE"
"695","VC",2020-03-27,4034,1694,282,234,92,"2020-04-05 10:54:08 UTC","ES-VC"
"696","EX",2020-03-27,1394,312,40,88,49,"2020-04-05 10:54:08 UTC","ES-EX"
"697","GA",2020-03-27,2772,906,112,47,95,"2020-04-05 10:54:08 UTC","ES-GA"
"698","MD",2020-03-27,21520,14211,1404,2757,6326,"2020-04-05 10:54:08 UTC","ES-MD"
"699","ML",2020-03-27,45,22,2,1,0,"2020-04-05 10:54:08 UTC","ES-ML"
"700","MC",2020-03-27,802,231,58,17,12,"2020-04-05 10:54:08 UTC","ES-MC"
"701","NC",2020-03-27,1829,827,84,70,98,"2020-04-05 10:54:08 UTC","ES-NC"
"702","PV",2020-03-27,5136,2612,176,241,1023,"2020-04-05 10:54:08 UTC","ES-PV"
"703","RI",2020-03-27,1436,458,43,65,364,"2020-04-05 10:54:08 UTC","ES-RI"
"704","AN",2020-03-28,4682,2294,201,207,148,"2020-04-05 10:54:08 UTC","ES-AN"
"705","AR",2020-03-28,1858,835,124,104,8,"2020-04-05 10:54:08 UTC","ES-AR"
"706","AS",2020-03-28,1088,466,57,41,76,"2020-04-05 10:54:08 UTC","ES-AS"
"707","IB",2020-03-28,958,345,71,29,82,"2020-04-05 10:54:08 UTC","ES-IB"
"708","CN",2020-03-28,1125,425,78,39,30,"2020-04-05 10:54:08 UTC","ES-CN"
"709","CB",2020-03-28,1023,449,40,26,24,"2020-04-05 10:54:08 UTC","ES-CB"
"710","CM",2020-03-28,5246,3018,299,539,236,"2020-04-05 10:54:08 UTC","ES-CM"
"711","CL",2020-03-28,5414,2408,278,380,752,"2020-04-05 10:54:08 UTC","ES-CL"
"712","CT",2020-03-28,15026,10688,1391,1226,3455,"2020-04-05 10:54:08 UTC","ES-CT"
"713","CE",2020-03-28,21,2,2,1,0,"2020-04-05 10:54:08 UTC","ES-CE"
"714","VC",2020-03-28,4784,1874,309,267,161,"2020-04-05 10:54:08 UTC","ES-VC"
"715","EX",2020-03-28,1456,313,41,100,51,"2020-04-05 10:54:08 UTC","ES-EX"
"716","GA",2020-03-28,3139,1043,123,60,153,"2020-04-05 10:54:08 UTC","ES-GA"
"717","MD",2020-03-28,22677,14454,1429,3082,7491,"2020-04-05 10:54:08 UTC","ES-MD"
"718","ML",2020-03-28,48,24,2,1,0,"2020-04-05 10:54:08 UTC","ES-ML"
"719","MC",2020-03-28,872,260,58,20,16,"2020-04-05 10:54:08 UTC","ES-MC"
"720","NC",2020-03-28,2011,896,90,84,125,"2020-04-05 10:54:08 UTC","ES-NC"
"721","PV",2020-03-28,5740,3106,271,265,1503,"2020-04-05 10:54:08 UTC","ES-PV"
"722","RI",2020-03-28,1629,497,43,68,397,"2020-04-05 10:54:08 UTC","ES-RI"
"723","AN",2020-03-29,5405,2671,216,236,155,"2020-04-05 10:54:08 UTC","ES-AN"
"724","AR",2020-03-29,2078,1094,156,106,174,"2020-04-05 10:54:08 UTC","ES-AR"
"725","AS",2020-03-29,1158,479,60,49,78,"2020-04-05 10:54:08 UTC","ES-AS"
"726","IB",2020-03-29,1000,353,80,37,100,"2020-04-05 10:54:08 UTC","ES-IB"
"727","CN",2020-03-29,1204,444,84,40,32,"2020-04-05 10:54:08 UTC","ES-CN"
"728","CB",2020-03-29,1100,481,46,27,24,"2020-04-05 10:54:08 UTC","ES-CB"
"729","CM",2020-03-29,5858,3134,302,622,252,"2020-04-05 10:54:08 UTC","ES-CM"
"730","CL",2020-03-29,5801,2540,307,442,871,"2020-04-05 10:54:08 UTC","ES-CL"
"731","CT",2020-03-29,16157,11769,1512,1410,4125,"2020-04-05 10:54:08 UTC","ES-CT"
"732","CE",2020-03-29,25,2,2,1,0,"2020-04-05 10:54:08 UTC","ES-CE"
"733","VC",2020-03-29,5110,2042,336,310,185,"2020-04-05 10:54:08 UTC","ES-VC"
"734","EX",2020-03-29,1560,353,43,106,60,"2020-04-05 10:54:08 UTC","ES-EX"
"735","GA",2020-03-29,3723,1147,134,66,168,"2020-04-05 10:54:08 UTC","ES-GA"
"736","MD",2020-03-29,24090,14917,1460,3392,8301,"2020-04-05 10:54:08 UTC","ES-MD"
"737","ML",2020-03-29,51,27,3,1,0,"2020-04-05 10:54:08 UTC","ES-ML"
"738","MC",2020-03-29,939,265,58,25,17,"2020-04-05 10:54:08 UTC","ES-MC"
"739","NC",2020-03-29,2146,955,96,102,161,"2020-04-05 10:54:08 UTC","ES-NC"
"740","PV",2020-03-29,6057,3427,293,297,1646,"2020-04-05 10:54:08 UTC","ES-PV"
"741","RI",2020-03-29,1733,517,43,71,431,"2020-04-05 10:54:08 UTC","ES-RI"
"742","AN",2020-03-30,5818,2867,235,248,160,"2020-04-05 10:54:08 UTC","ES-AN"
"743","AR",2020-03-30,2272,1176,165,138,204,"2020-04-05 10:54:08 UTC","ES-AR"
"744","AS",2020-03-30,1236,529,65,55,90,"2020-04-05 10:54:08 UTC","ES-AS"
"745","IB",2020-03-30,1069,399,85,42,111,"2020-04-05 10:54:08 UTC","ES-IB"
"746","CN",2020-03-30,1262,483,94,55,57,"2020-04-05 10:54:08 UTC","ES-CN"
"747","CB",2020-03-30,1171,522,50,37,35,"2020-04-05 10:54:08 UTC","ES-CB"
"748","CM",2020-03-30,6424,3225,344,708,296,"2020-04-05 10:54:08 UTC","ES-CM"
"749","CL",2020-03-30,6211,2601,325,516,1028,"2020-04-05 10:54:08 UTC","ES-CL"
"750","CT",2020-03-30,18773,12974,1652,1672,4966,"2020-04-05 10:54:08 UTC","ES-CT"
"751","CE",2020-03-30,34,3,3,1,0,"2020-04-05 10:54:08 UTC","ES-CE"
"752","VC",2020-03-30,5508,2189,356,339,200,"2020-04-05 10:54:08 UTC","ES-VC"
"753","EX",2020-03-30,1628,371,51,133,91,"2020-04-05 10:54:08 UTC","ES-EX"
"754","GA",2020-03-30,4039,1250,149,84,187,"2020-04-05 10:54:08 UTC","ES-GA"
"755","MD",2020-03-30,27509,15140,1514,3603,9330,"2020-04-05 10:54:08 UTC","ES-MD"
"756","ML",2020-03-30,54,27,3,1,0,"2020-04-05 10:54:08 UTC","ES-ML"
"757","MC",2020-03-30,974,283,59,34,20,"2020-04-05 10:54:08 UTC","ES-MC"
"758","NC",2020-03-30,2305,1035,99,113,192,"2020-04-05 10:54:08 UTC","ES-NC"
"759","PV",2020-03-30,6320,3594,307,325,1796,"2020-04-05 10:54:08 UTC","ES-PV"
"760","RI",2020-03-30,1810,575,51,85,496,"2020-04-05 10:54:08 UTC","ES-RI"
"761","AN",2020-03-31,6392,3147,260,308,182,"2020-04-05 10:54:08 UTC","ES-AN"
"762","AR",2020-03-31,2491,1234,168,169,257,"2020-04-05 10:54:08 UTC","ES-AR"
"763","AS",2020-03-31,1322,590,76,63,109,"2020-04-05 10:54:08 UTC","ES-AS"
"764","IB",2020-03-31,1131,468,95,46,170,"2020-04-05 10:54:08 UTC","ES-IB"
"765","CN",2020-03-31,1380,532,110,62,77,"2020-04-05 10:54:08 UTC","ES-CN"
"766","CB",2020-03-31,1213,543,54,54,43,"2020-04-05 10:54:08 UTC","ES-CB"
"767","CM",2020-03-31,7047,3230,353,774,397,"2020-04-05 10:54:08 UTC","ES-CM"
"768","CL",2020-03-31,6847,2692,345,585,1259,"2020-04-05 10:54:08 UTC","ES-CL"
"769","CT",2020-03-31,19991,13969,1769,1849,5701,"2020-04-05 10:54:08 UTC","ES-CT"
"770","CE",2020-03-31,51,6,3,1,0,"2020-04-05 10:54:08 UTC","ES-CE"
"771","VC",2020-03-31,5922,2189,365,395,240,"2020-04-05 10:54:08 UTC","ES-VC"
"772","EX",2020-03-31,1679,372,58,152,113,"2020-04-05 10:54:08 UTC","ES-EX"
"773","GA",2020-03-31,4432,1338,158,103,259,"2020-04-05 10:54:08 UTC","ES-GA"
"774","MD",2020-03-31,29840,15227,1514,3865,10827,"2020-04-05 10:54:08 UTC","ES-MD"
"775","ML",2020-03-31,62,32,3,1,0,"2020-04-05 10:54:08 UTC","ES-ML"
"776","MC",2020-03-31,1041,304,59,37,43,"2020-04-05 10:54:08 UTC","ES-MC"
"777","NC",2020-03-31,2497,1120,104,130,236,"2020-04-05 10:54:08 UTC","ES-NC"
"778","PV",2020-03-31,6838,3806,324,369,2165,"2020-04-05 10:54:08 UTC","ES-PV"
"779","RI",2020-03-31,1960,619,54,90,569,"2020-04-05 10:54:08 UTC","ES-RI"
"780","AN",2020-04-01,6972,3444,280,343,228,"2020-04-05 10:54:08 UTC","ES-AN"
"781","AR",2020-04-01,2700,1320,178,200,320,"2020-04-05 10:54:08 UTC","ES-AR"
"782","AS",2020-04-01,1384,640,79,69,135,"2020-04-05 10:54:08 UTC","ES-AS"
"783","IB",2020-04-01,1204,517,105,58,239,"2020-04-05 10:54:08 UTC","ES-IB"
"784","CN",2020-04-01,1444,566,113,68,94,"2020-04-05 10:54:08 UTC","ES-CN"
"785","CB",2020-04-01,1268,567,57,60,60,"2020-04-05 10:54:08 UTC","ES-CB"
"786","CM",2020-04-01,7682,3230,355,854,494,"2020-04-05 10:54:08 UTC","ES-CM"
"787","CL",2020-04-01,7355,2709,353,641,1498,"2020-04-05 10:54:08 UTC","ES-CL"
"788","CT",2020-04-01,21804,15489,1855,2093,6917,"2020-04-05 10:54:08 UTC","ES-CT"
"789","CE",2020-04-01,55,7,3,1,0,"2020-04-05 10:54:08 UTC","ES-CE"
"790","VC",2020-04-01,6308,2189,379,443,432,"2020-04-05 10:54:08 UTC","ES-VC"
"791","EX",2020-04-01,1837,412,62,181,139,"2020-04-05 10:54:08 UTC","ES-EX"
"792","GA",2020-04-01,4842,1447,165,120,333,"2020-04-05 10:54:08 UTC","ES-GA"
"793","MD",2020-04-01,32155,15227,1528,4175,12400,"2020-04-05 10:54:08 UTC","ES-MD"
"794","ML",2020-04-01,62,32,3,1,0,"2020-04-05 10:54:08 UTC","ES-ML"
"795","MC",2020-04-01,1084,389,68,42,45,"2020-04-05 10:54:08 UTC","ES-MC"
"796","NC",2020-04-01,2682,1181,108,141,278,"2020-04-05 10:54:08 UTC","ES-NC"
"797","PV",2020-04-01,7317,4087,344,412,2490,"2020-04-05 10:54:08 UTC","ES-PV"
"798","RI",2020-04-01,2083,660,57,101,641,"2020-04-05 10:54:08 UTC","ES-RI"
"799","AN",2020-04-02,7374,3673,338,376,258,"2020-04-05 10:54:08 UTC","ES-AN"
"800","AR",2020-04-02,2889,1431,180,224,378,"2020-04-05 10:54:08 UTC","ES-AR"
"801","AS",2020-04-02,1433,702,86,70,154,"2020-04-05 10:54:08 UTC","ES-AS"
"802","IB",2020-04-02,1257,587,112,69,375,"2020-04-05 10:54:08 UTC","ES-IB"
"803","CN",2020-04-02,1490,605,120,73,102,"2020-04-05 10:54:08 UTC","ES-CN"
"804","CB",2020-04-02,1321,592,59,64,74,"2020-04-05 10:54:08 UTC","ES-CB"
"805","CM",2020-04-02,8523,3168,355,916,579,"2020-04-05 10:54:08 UTC","ES-CM"
"806","CL",2020-04-02,7875,2711,355,723,1759,"2020-04-05 10:54:08 UTC","ES-CL"
"807","CT",2020-04-02,23460,17257,2053,2335,7849,"2020-04-05 10:54:08 UTC","ES-CT"
"808","CE",2020-04-02,62,8,3,1,2,"2020-04-05 10:54:08 UTC","ES-CE"
"809","VC",2020-04-02,6624,2064,386,511,592,"2020-04-05 10:54:08 UTC","ES-VC"
"810","EX",2020-04-02,1893,415,64,200,164,"2020-04-05 10:54:08 UTC","ES-EX"
"811","GA",2020-04-02,5219,1630,178,138,435,"2020-04-05 10:54:08 UTC","ES-GA"
"812","MD",2020-04-02,34188,15050,1506,4483,13850,"2020-04-05 10:54:08 UTC","ES-MD"
"813","ML",2020-04-02,70,34,3,2,4,"2020-04-05 10:54:08 UTC","ES-ML"
"814","MC",2020-04-02,1145,405,72,46,90,"2020-04-05 10:54:08 UTC","ES-MC"
"815","NC",2020-04-02,2836,1284,119,151,294,"2020-04-05 10:54:08 UTC","ES-NC"
"816","PV",2020-04-02,7827,4283,363,444,2809,"2020-04-05 10:54:08 UTC","ES-PV"
"817","RI",2020-04-02,2224,738,64,109,745,"2020-04-05 10:54:08 UTC","ES-RI"
"818","AN",2020-04-03,7869,3896,364,426,463,"2020-04-05 10:54:08 UTC","ES-AN"
"819","AR",2020-04-03,3078,1505,190,251,440,"2020-04-05 10:54:08 UTC","ES-AR"
"820","AS",2020-04-03,1522,766,87,76,190,"2020-04-05 10:54:08 UTC","ES-AS"
"821","IB",2020-04-03,1271,634,114,71,422,"2020-04-05 10:54:08 UTC","ES-IB"
"822","CN",2020-04-03,1564,632,128,78,123,"2020-04-05 10:54:08 UTC","ES-CN"
"823","CB",2020-04-03,1384,619,60,68,99,"2020-04-05 10:54:08 UTC","ES-CB"
"824","CM",2020-04-03,9324,3133,360,989,657,"2020-04-05 10:54:08 UTC","ES-CM"
"825","CL",2020-04-03,8332,2664,348,786,2021,"2020-04-05 10:54:08 UTC","ES-CL"
"826","CT",2020-04-03,24734,17678,2108,2508,8635,"2020-04-05 10:54:08 UTC","ES-CT"
"827","CE",2020-04-03,73,8,4,1,2,"2020-04-05 10:54:08 UTC","ES-CE"
"828","VC",2020-04-03,6901,1977,386,571,695,"2020-04-05 10:54:08 UTC","ES-VC"
"829","EX",2020-04-03,1979,453,64,208,205,"2020-04-05 10:54:08 UTC","ES-EX"
"830","GA",2020-04-03,5625,1767,178,159,531,"2020-04-05 10:54:08 UTC","ES-GA"
"831","MD",2020-04-03,36249,14741,1498,4723,15362,"2020-04-05 10:54:08 UTC","ES-MD"
"832","ML",2020-04-03,79,37,3,2,9,"2020-04-05 10:54:08 UTC","ES-ML"
"833","MC",2020-04-03,1188,434,79,51,113,"2020-04-05 10:54:08 UTC","ES-MC"
"834","NC",2020-04-03,2972,1341,120,171,311,"2020-04-05 10:54:08 UTC","ES-NC"
"835","PV",2020-04-03,8187,4522,377,477,3098,"2020-04-05 10:54:08 UTC","ES-PV"
"836","RI",2020-04-03,2405,805,64,128,843,"2020-04-05 10:54:08 UTC","ES-RI"
"837","AN",2020-04-04,8301,4107,474,470,665,"2020-04-05 10:54:08 UTC","ES-AN"
"838","AR",2020-04-04,3232,1588,233,270,537,"2020-04-05 10:54:08 UTC","ES-AR"
"839","AS",2020-04-04,1605,808,90,80,216,"2020-04-05 10:54:08 UTC","ES-AS"
"840","IB",2020-04-04,1293,664,120,75,461,"2020-04-05 10:54:08 UTC","ES-IB"
"841","CN",2020-04-04,1622,644,129,80,137,"2020-04-05 10:54:08 UTC","ES-CN"
"842","CB",2020-04-04,1441,639,62,68,113,"2020-04-05 10:54:08 UTC","ES-CB"
"843","CM",2020-04-04,10031,2950,357,1055,1149,"2020-04-05 10:54:08 UTC","ES-CM"
"844","CL",2020-04-04,8749,2574,351,847,2331,"2020-04-05 10:54:08 UTC","ES-CL"
"845","CT",2020-04-04,26032,18656,2249,2637,9528,"2020-04-05 10:54:08 UTC","ES-CT"
"846","CE",2020-04-04,83,9,4,2,2,"2020-04-05 10:54:08 UTC","ES-CE"
"847","VC",2020-04-04,7184,1901,381,613,812,"2020-04-05 10:54:08 UTC","ES-VC"
"848","EX",2020-04-04,2047,417,66,218,215,"2020-04-05 10:54:08 UTC","ES-EX"
"849","GA",2020-04-04,5944,1831,170,174,587,"2020-04-05 10:54:08 UTC","ES-GA"
"850","MD",2020-04-04,37584,14551,1499,4941,16543,"2020-04-05 10:54:08 UTC","ES-MD"
"851","ML",2020-04-04,83,38,3,2,11,"2020-04-05 10:54:08 UTC","ES-ML"
"852","MC",2020-04-04,1235,447,80,59,130,"2020-04-05 10:54:08 UTC","ES-MC"
"853","NC",2020-04-04,3073,1399,123,178,334,"2020-04-05 10:54:08 UTC","ES-NC"
"854","PV",2020-04-04,8628,4666,404,515,3405,"2020-04-05 10:54:08 UTC","ES-PV"
"855","RI",2020-04-04,2592,855,66,134,904,"2020-04-05 10:54:08 UTC","ES-RI"
